<?xml version="1.0" encoding="UTF-8"?>
<beans xmlns="http://www.springframework.org/schema/beans"
    xmlns:xsi="http://www.w3.org/2001/XMLSchema-instance"
    xsi:schemaLocation="http://www.springframework.org/schema/beans
    http://www.springframework.org/schema/beans/spring-beans-3.0.xsd">
    
    
 <bean id="emp" class="com.cg.Employee">
 <constructor-arg ref="sbu"></constructor-arg>
 <property name="employeeId" value="12345"></property>
 <property name="employeeName" value="Harriet"></property>
 <property name="salary" value="40000.0"></property>
 </bean>
    
    <bean id="sbu" class="com.cg.SBU">
    <property name="sbuId" value="101"></property>
     <property name="sbuName" value="Product Engineering Services"></property>
     <property name="sbuHead" value="Kiran Rao"></property>
    
    </bean>
    

 </beans>